{
	"class_name" : "PinholeCameraParameters",
	"extrinsic" : 
	[
		1.0,
		-0.0,
		-0.0,
		0.0,
		0.0,
		-1.0,
		-0.0,
		0.0,
		0.0,
		-0.0,
		-1.0,
		0.0,
		0.010097652673721313,
		-0.075142379850149155,
		0.65006274240565087,
		1.0
	],
	"intrinsic" : 
	{
		"height" : 1015,
		"intrinsic_matrix" : 
		[
			879.01578484120523,
			0.0,
			0.0,
			0.0,
			879.01578484120523,
			0.0,
			959.5,
			507.0,
			1.0
		],
		"width" : 1920
	},
	"version_major" : 1,
	"version_minor" : 0
}